girlfriend,1000.123000,Fly us to China,-99899801.106600,true
